{"cpd00035_c": 0.10617216912031968, "cpd00066_c": 0.036319608590392315, "cpd00132_c": 0.03194521851573635, "cpd00129_c": 0.04784072660144642, "cpd00107_c": 0.11392469198081723, "cpd00033_c": 0.07671897063326497, "cpd00051_c": 0.0635379745301785, "cpd00053_c": 0.045577256475947736, "cpd00084_c": 0.009789645973446356, "cpd00023_c": 0.05656141989518646, "cpd00119_c": 0.02294861317020194, "cpd00039_c": 0.037538357833148656, "cpd00060_c": 0.023911276376861718, "cpd00156_c": 0.07080586145139653, "cpd00054_c": 0.06144688059671902, "cpd00065_c": 0.013921718078462559, "cpd00322_c": 0.04981121227274429, "cpd00161_c": 0.05105143969917326, "cpd00041_c": 0.05461736891148565, "cpd00069_c": 0.025559589293070367}