{"cpd00128_c": 0.218442932728647, "cpd00151_c": 0.21989536555362885, "cpd00307_c": 0.2743319550042239, "cpd00207_c": 0.2873297467135002}