{"cpd00128_c": 0.21916914914113794, "cpd00151_c": 0.21916914914113794, "cpd00307_c": 0.28083085085886206, "cpd00207_c": 0.28083085085886206}