{"cpd00128_c": 0.20344406138661808, "cpd00092_c": 0.20344406138661808, "cpd00307_c": 0.2965559386133819, "cpd00207_c": 0.2965559386133819}